Coor X,Coor Y,Floor,Ref Label,CURRENT TIME NANOSECONDS,CURRENT TIME STRING,24:0A:C4:00:98:A0(ESP-BLE-HELLO),7A:7F:D2:59:E2:71(null)
1.0,1.0,1.0,1,64047997390461,2017-11-03T15:22:19.705,-74,NaN
1.0,1.0,1.0,1,64049804727804,2017-11-03T15:22:21.512,-74,NaN
1.0,1.0,1.0,1,64050781604835,2017-11-03T15:22:22.489,-74,NaN
1.0,1.0,1.0,1,64051795537438,2017-11-03T15:22:23.503,-79,NaN
1.0,1.0,1.0,1,64052124803011,2017-11-03T15:22:23.832,-74,NaN
1.0,1.0,1.0,1,64052942798115,2017-11-03T15:22:24.650,-70,NaN
1.0,1.0,1.0,1,64053788377646,2017-11-03T15:22:25.495,-82,NaN
1.0,1.0,1.0,1,64054091634000,2017-11-03T15:22:25.799,-81,NaN
1.0,1.0,1.0,1,64055087151604,2017-11-03T15:22:26.794,-76,NaN
1.0,1.0,1.0,1,64055932618947,2017-11-03T15:22:27.640,-78,NaN
1.0,1.0,1.0,1,64056910407541,2017-11-03T15:22:28.618,-77,NaN
1.0,1.0,1.0,1,64057237111499,2017-11-03T15:22:28.945,-79,NaN
1.0,1.0,1.0,1,64057736450769,2017-11-03T15:22:29.442,-82,NaN
1.0,1.0,1.0,1,64058069872436,2017-11-03T15:22:29.777,-80,NaN
1.0,1.0,1.0,1,64058389682592,2017-11-03T15:22:30.097,-77,NaN
1.0,1.0,1.0,1,64059230983894,2017-11-03T15:22:30.938,-78,NaN
1.0,1.0,1.0,1,64060079855508,2017-11-03T15:22:31.787,-77,NaN
1.0,1.0,1.0,1,64060380915612,2017-11-03T15:22:32.088,-76,NaN
1.0,1.0,1.0,1,64061386260924,2017-11-03T15:22:33.093,-77,NaN
1.0,1.0,1.0,1,64062210652643,2017-11-03T15:22:33.917,-77,NaN
1.0,1.0,1.0,1,64062698272799,2017-11-03T15:22:34.406,-77,NaN
1.0,1.0,1.0,1,64062872535767,2017-11-03T15:22:34.580,-69,NaN
1.0,1.0,1.0,1,64063034932851,2017-11-03T15:22:34.742,-78,NaN
1.0,1.0,1.0,1,64063378064257,2017-11-03T15:22:35.086,-78,NaN
1.0,1.0,1.0,1,64063695808528,2017-11-03T15:22:35.403,-78,NaN
1.0,1.0,1.0,1,64064185399986,2017-11-03T15:22:35.893,-82,NaN
1.0,1.0,1.0,1,64064517175246,2017-11-03T15:22:36.224,-81,NaN
1.0,1.0,1.0,1,64065188697329,2017-11-03T15:22:36.896,-80,NaN
1.0,1.0,1.0,1,64066006143683,2017-11-03T15:22:37.714,-80,NaN
1.0,1.0,1.0,1,64066177664464,2017-11-03T15:22:37.885,-68,NaN
1.0,1.0,1.0,1,64067008083787,2017-11-03T15:22:38.715,-79,NaN
1.0,1.0,1.0,1,64067977879828,2017-11-03T15:22:39.685,-80,NaN
1.0,1.0,1.0,1,64068309799047,2017-11-03T15:22:40.017,-78,NaN
1.0,1.0,1.0,1,64068798408369,2017-11-03T15:22:40.506,-79,NaN
1.0,1.0,1.0,1,64068806226807,2017-11-03T15:22:40.514,-68,NaN
1.0,1.0,1.0,1,64069302472380,2017-11-03T15:22:41.010,-78,NaN
1.0,1.0,1.0,1,64069443608005,2017-11-03T15:22:41.151,-68,NaN
1.0,1.0,1.0,1,64070292193838,2017-11-03T15:22:41.999,-76,NaN
1.0,1.0,1.0,1,64070951125660,2017-11-03T15:22:42.658,-81,NaN
1.0,1.0,1.0,1,64071276573056,2017-11-03T15:22:42.984,-80,NaN
1.0,1.0,1.0,1,64071621468889,2017-11-03T15:22:43.329,-81,NaN
1.0,1.0,1.0,1,64071777094879,2017-11-03T15:22:43.484,-69,NaN
1.0,1.0,1.0,1,64071937954670,2017-11-03T15:22:43.645,-79,NaN
1.0,1.0,1.0,1,64072446550868,2017-11-03T15:22:44.154,-80,NaN
1.0,1.0,1.0,1,64073255314878,2017-11-03T15:22:44.963,-82,NaN
1.0,1.0,1.0,1,64073938013888,2017-11-03T15:22:45.645,-85,NaN
1.0,1.0,1.0,1,64074105984461,2017-11-03T15:22:45.813,-69,NaN
1.0,1.0,1.0,1,64074596996961,2017-11-03T15:22:46.304,-80,NaN
1.0,1.0,1.0,1,64074763377898,2017-11-03T15:22:46.471,-69,NaN
1.0,1.0,1.0,1,64074946709461,2017-11-03T15:22:46.654,-80,NaN
1.0,1.0,1.0,1,64075593407846,2017-11-03T15:22:47.301,-69,NaN
1.0,1.0,1.0,1,64075941385137,2017-11-03T15:22:47.649,-79,NaN
1.0,1.0,1.0,1,64076439650085,2017-11-03T15:22:48.147,-81,NaN
1.0,1.0,1.0,1,64077104849408,2017-11-03T15:22:48.812,-80,NaN
1.0,1.0,1.0,1,64077263933939,2017-11-03T15:22:48.971,-69,NaN
1.0,1.0,1.0,1,64077442182481,2017-11-03T15:22:49.150,-78,NaN
1.0,1.0,1.0,1,64077770750710,2017-11-03T15:22:49.478,-76,NaN
1.0,1.0,1.0,1,64078091080345,2017-11-03T15:22:49.799,-77,NaN
1.0,1.0,1.0,1,64078426023887,2017-11-03T15:22:50.133,-78,NaN
1.0,1.0,1.0,1,64079421162897,2017-11-03T15:22:51.128,-82,NaN
1.0,1.0,1.0,1,64080251273677,2017-11-03T15:22:51.959,-83,NaN
1.0,1.0,1.0,1,64080737153313,2017-11-03T15:22:52.445,-81,NaN
1.0,1.0,1.0,1,64080919254771,2017-11-03T15:22:52.627,-69,NaN
1.0,1.0,1.0,1,64081078319198,2017-11-03T15:22:52.786,-79,NaN
1.0,1.0,1.0,1,64081416843469,2017-11-03T15:22:53.124,-78,NaN
1.0,1.0,1.0,1,64082575950708,2017-11-03T15:22:54.283,-82,NaN
1.0,1.0,1.0,1,64083065785656,2017-11-03T15:22:54.773,-81,NaN
1.0,1.0,1.0,1,64083915914822,2017-11-03T15:22:55.623,-81,NaN
1.0,1.0,1.0,1,64084395679926,2017-11-03T15:22:56.103,-80,NaN
1.0,1.0,1.0,1,64084887769822,2017-11-03T15:22:56.595,-77,NaN
1.0,1.0,1.0,1,64086048361123,2017-11-03T15:22:57.756,-77,NaN
1.0,1.0,1.0,1,64086882237790,2017-11-03T15:22:58.590,-79,NaN
1.0,1.0,1.0,1,64087385394196,2017-11-03T15:22:59.093,-80,NaN
1.0,1.0,1.0,1,64088226860966,2017-11-03T15:22:59.934,-81,NaN
1.0,1.0,1.0,1,64089038652893,2017-11-03T15:23:00.746,-80,NaN
1.0,1.0,1.0,1,64089857799924,2017-11-03T15:23:01.565,-77,NaN
1.0,1.0,1.0,1,64090358741642,2017-11-03T15:23:02.066,-78,NaN
1.0,1.0,1.0,1,64091009363934,2017-11-03T15:23:02.717,-78,NaN
1.0,1.0,1.0,1,64091181548413,2017-11-03T15:23:02.889,-68,NaN
1.0,1.0,1.0,1,64091843557423,2017-11-03T15:23:03.551,-79,NaN
1.0,1.0,1.0,1,64092006956485,2017-11-03T15:23:03.714,-77,NaN
1.0,1.0,1.0,1,64092165358152,2017-11-03T15:23:03.873,-81,NaN
1.0,1.0,1.0,1,64092826736069,2017-11-03T15:23:04.534,-78,NaN
1.0,1.0,1.0,1,64092998027423,2017-11-03T15:23:04.705,-76,NaN
1.0,1.0,1.0,1,64093479168100,2017-11-03T15:23:05.187,-78,NaN
1.0,1.0,1.0,1,64094296934401,2017-11-03T15:23:06.004,-76,NaN
1.0,1.0,1.0,1,64094620115599,2017-11-03T15:23:06.328,-77,NaN
1.0,1.0,1.0,1,64094786096172,2017-11-03T15:23:06.493,-76,NaN
1.0,1.0,1.0,1,64094949996432,2017-11-03T15:23:06.657,-78,NaN
1.0,1.0,1.0,1,64095108747526,2017-11-03T15:23:06.816,-76,NaN
1.0,1.0,1.0,1,64095446424922,2017-11-03T15:23:07.154,-76,NaN
1.0,1.0,1.0,1,64095602232422,2017-11-03T15:23:07.310,-79,NaN
1.0,1.0,1.0,1,64096431514713,2017-11-03T15:23:08.139,-76,NaN
1.0,1.0,1.0,1,64096746342369,2017-11-03T15:23:08.454,-76,NaN
1.0,1.0,1.0,1,64096918483254,2017-11-03T15:23:08.626,-68,NaN
1.0,1.0,1.0,1,64097419260911,2017-11-03T15:23:09.126,-75,NaN
1.0,1.0,1.0,1,64097570761692,2017-11-03T15:23:09.278,-69,NaN
1.0,1.0,1.0,1,64097742060390,2017-11-03T15:23:09.450,-77,NaN
1.0,1.0,1.0,1,64098247082004,2017-11-03T15:23:09.955,-75,NaN
1.0,1.0,1.0,1,64098410703827,2017-11-03T15:23:10.118,-78,NaN
1.0,1.0,1.0,1,64098573887941,2017-11-03T15:23:10.281,-75,NaN
1.0,1.0,1.0,1,64098733462056,2017-11-03T15:23:10.441,-77,NaN
1.0,1.0,1.0,1,64099067083618,2017-11-03T15:23:10.775,-78,NaN
1.0,1.0,1.0,1,64099403020754,2017-11-03T15:23:11.110,-79,NaN
1.0,1.0,1.0,1,64099899877264,2017-11-03T15:23:11.607,-78,NaN
1.0,1.0,1.0,1,64100062504087,2017-11-03T15:23:11.770,-76,NaN
1.0,1.0,1.0,1,64100241719659,2017-11-03T15:23:11.949,-77,NaN
1.0,1.0,1.0,1,64101044180232,2017-11-03T15:23:12.751,-76,NaN
1.0,1.0,1.0,1,64101308942055,2017-11-03T15:23:13.016,NaN,-92
1.0,1.0,1.0,1,64101380933409,2017-11-03T15:23:13.088,-77,NaN
1.0,1.0,1.0,1,64101508033357,2017-11-03T15:23:13.215,NaN,-96
1.0,1.0,1.0,1,64101675593357,2017-11-03T15:23:13.383,NaN,-95
1.0,1.0,1.0,1,64101704798409,2017-11-03T15:23:13.412,-77,NaN
1.0,1.0,1.0,1,64101781195805,2017-11-03T15:23:13.488,NaN,-98
1.0,1.0,1.0,1,64101948772992,2017-11-03T15:23:13.656,NaN,-93
1.0,1.0,1.0,1,64102141673200,2017-11-03T15:23:13.849,NaN,-94
1.0,1.0,1.0,1,64102289305284,2017-11-03T15:23:13.997,NaN,-97
1.0,1.0,1.0,1,64102378956013,2017-11-03T15:23:14.086,-69,NaN
1.0,1.0,1.0,1,64102385520284,2017-11-03T15:23:14.093,NaN,-91
1.0,1.0,1.0,1,64102414040336,2017-11-03T15:23:14.122,NaN,-92
1.0,1.0,1.0,1,64102447198721,2017-11-03T15:23:14.155,NaN,-89
1.0,1.0,1.0,1,64102529049606,2017-11-03T15:23:14.236,NaN,-95
1.0,1.0,1.0,1,64102569035544,2017-11-03T15:23:14.276,-76,-96
1.0,1.0,1.0,1,64102688911221,2017-11-03T15:23:14.396,-76,NaN
1.0,1.0,1.0,1,64103182072992,2017-11-03T15:23:14.890,NaN,-92
1.0,1.0,1.0,1,64103561931325,2017-11-03T15:23:15.269,NaN,-94
1.0,1.0,1.0,1,64103691136429,2017-11-03T15:23:15.399,-68,NaN
1.0,1.0,1.0,1,64104190990023,2017-11-03T15:23:15.898,-75,NaN
1.0,1.0,1.0,1,64104377168512,2017-11-03T15:23:16.085,-78,NaN
1.0,1.0,1.0,1,64104881246168,2017-11-03T15:23:16.589,-79,NaN
1.0,1.0,1.0,1,64105016732470,2017-11-03T15:23:16.724,-76,NaN
1.0,1.0,1.0,1,64105695045855,2017-11-03T15:23:17.403,-75,NaN
1.0,1.0,1.0,1,64106268403824,2017-11-03T15:23:17.975,NaN,-95
Coor X,Coor Y,Floor,Ref Label,CURRENT TIME NANOSECONDS,CURRENT TIME STRING,24:0A:C4:00:98:A0(ESP-BLE-HELLO),7A:7F:D2:59:E2:71(null)
1.0,1.0,1.0,2,64126458557566,2017-11-03T15:23:38.166,-75,NaN
1.0,1.0,1.0,2,64131308220585,2017-11-03T15:23:43.016,-80,NaN
1.0,1.0,1.0,2,64131469814595,2017-11-03T15:23:43.177,-70,NaN
1.0,1.0,1.0,2,64134611553084,2017-11-03T15:23:46.319,-67,NaN
1.0,1.0,1.0,2,64134942676573,2017-11-03T15:23:46.650,-70,NaN
1.0,1.0,1.0,2,64135439241781,2017-11-03T15:23:47.147,-67,NaN
1.0,1.0,1.0,2,64135762660948,2017-11-03T15:23:47.470,-67,NaN
1.0,1.0,1.0,2,64136261303917,2017-11-03T15:23:47.969,-70,NaN
1.0,1.0,1.0,2,64136434098604,2017-11-03T15:23:48.142,-79,NaN
1.0,1.0,1.0,2,64136626810687,2017-11-03T15:23:48.334,-70,NaN
1.0,1.0,1.0,2,64137439260166,2017-11-03T15:23:49.147,-67,NaN
1.0,1.0,1.0,2,64137754991937,2017-11-03T15:23:49.462,-67,NaN
1.0,1.0,1.0,2,64138587344853,2017-11-03T15:23:50.295,-66,NaN
1.0,1.0,1.0,2,64139103088811,2017-11-03T15:23:50.811,-69,NaN
1.0,1.0,1.0,2,64139263690217,2017-11-03T15:23:50.971,-77,NaN
1.0,1.0,1.0,2,64139410817405,2017-11-03T15:23:51.118,-66,NaN
1.0,1.0,1.0,2,64139583684176,2017-11-03T15:23:51.291,-76,NaN
1.0,1.0,1.0,2,64139910658446,2017-11-03T15:23:51.618,-70,NaN
1.0,1.0,1.0,2,64140408109175,2017-11-03T15:23:52.116,-77,NaN
1.0,1.0,1.0,2,64141259113342,2017-11-03T15:23:52.967,-67,NaN
1.0,1.0,1.0,2,64141750250425,2017-11-03T15:23:53.458,-91,NaN
1.0,1.0,1.0,2,64142075817612,2017-11-03T15:23:53.783,-67,NaN
1.0,1.0,1.0,2,64142261853914,2017-11-03T15:23:53.969,-89,NaN
1.0,1.0,1.0,2,64142404828810,2017-11-03T15:23:54.112,-86,NaN
1.0,1.0,1.0,2,64142561456831,2017-11-03T15:23:54.269,-70,NaN
1.0,1.0,1.0,2,64142737165164,2017-11-03T15:23:54.444,-82,NaN
1.0,1.0,1.0,2,64142899349331,2017-11-03T15:23:54.607,-67,NaN
1.0,1.0,1.0,2,64143394385633,2017-11-03T15:23:55.102,-70,NaN
1.0,1.0,1.0,2,64143724884487,2017-11-03T15:23:55.432,-79,NaN
1.0,1.0,1.0,2,64144058041466,2017-11-03T15:23:55.765,-80,NaN
1.0,1.0,1.0,2,64144537285788,2017-11-03T15:23:56.245,-80,NaN
1.0,1.0,1.0,2,64144706943757,2017-11-03T15:23:56.414,-67,NaN
1.0,1.0,1.0,2,64145545383653,2017-11-03T15:23:57.253,-67,NaN
1.0,1.0,1.0,2,64145886838965,2017-11-03T15:23:57.594,-70,NaN
1.0,1.0,1.0,2,64146042875475,2017-11-03T15:23:57.750,-83,NaN
1.0,1.0,1.0,2,64146216810684,2017-11-03T15:23:57.924,-70,NaN
1.0,1.0,1.0,2,64146704667558,2017-11-03T15:23:58.412,-67,NaN
1.0,1.0,1.0,2,64146886612037,2017-11-03T15:23:58.594,-79,NaN
1.0,1.0,1.0,2,64147024680579,2017-11-03T15:23:58.732,-70,NaN
1.0,1.0,1.0,2,64147193107246,2017-11-03T15:23:58.900,-79,NaN
1.0,1.0,1.0,2,64148509619172,2017-11-03T15:24:00.217,-70,NaN
1.0,1.0,1.0,2,64149024319432,2017-11-03T15:24:00.732,-68,NaN
1.0,1.0,1.0,2,64149339062974,2017-11-03T15:24:01.047,-70,NaN
1.0,1.0,1.0,2,64149846287088,2017-11-03T15:24:01.552,-68,NaN
1.0,1.0,1.0,2,64150169260526,2017-11-03T15:24:01.877,-67,NaN
1.0,1.0,1.0,2,64150514175422,2017-11-03T15:24:02.222,-67,NaN
1.0,1.0,1.0,2,64151330417400,2017-11-03T15:24:03.038,-79,NaN
1.0,1.0,1.0,2,64151997488077,2017-11-03T15:24:03.705,-79,NaN
1.0,1.0,1.0,2,64152833801254,2017-11-03T15:24:04.541,-67,NaN
1.0,1.0,1.0,2,64153008603650,2017-11-03T15:24:04.716,-88,NaN
1.0,1.0,1.0,2,64153482342608,2017-11-03T15:24:05.190,-70,NaN
1.0,1.0,1.0,2,64153680549222,2017-11-03T15:24:05.388,-87,NaN
1.0,1.0,1.0,2,64154319758649,2017-11-03T15:24:06.027,-86,NaN
1.0,1.0,1.0,2,64155139698701,2017-11-03T15:24:06.847,-67,NaN
1.0,1.0,1.0,2,64155479433388,2017-11-03T15:24:07.187,-67,NaN
1.0,1.0,1.0,2,64155791739586,2017-11-03T15:24:07.499,-67,NaN
1.0,1.0,1.0,2,64156469472659,2017-11-03T15:24:08.177,-82,NaN
1.0,1.0,1.0,2,64157100861409,2017-11-03T15:24:08.808,-84,NaN
1.0,1.0,1.0,2,64157277800054,2017-11-03T15:24:08.985,-70,NaN
1.0,1.0,1.0,2,64157950681721,2017-11-03T15:24:09.657,-70,NaN
1.0,1.0,1.0,2,64158098476877,2017-11-03T15:24:09.806,-67,NaN
1.0,1.0,1.0,2,64159744035158,2017-11-03T15:24:11.451,-67,NaN
1.0,1.0,1.0,2,64160906360886,2017-11-03T15:24:12.613,-69,NaN
1.0,1.0,1.0,2,64161399043230,2017-11-03T15:24:13.106,-86,NaN
1.0,1.0,1.0,2,64161565411355,2017-11-03T15:24:13.273,-70,NaN
1.0,1.0,1.0,2,64161725793959,2017-11-03T15:24:13.433,-84,NaN
1.0,1.0,1.0,2,64161908028594,2017-11-03T15:24:13.615,-70,NaN
1.0,1.0,1.0,2,64162068115417,2017-11-03T15:24:13.775,-82,NaN
1.0,1.0,1.0,2,64163067661667,2017-11-03T15:24:14.775,-82,NaN
1.0,1.0,1.0,2,64163236569375,2017-11-03T15:24:14.943,-66,NaN
1.0,1.0,1.0,2,64163384745156,2017-11-03T15:24:15.092,-86,NaN
1.0,1.0,1.0,2,64163883945468,2017-11-03T15:24:15.591,-67,NaN
1.0,1.0,1.0,2,64164201515364,2017-11-03T15:24:15.907,-88,NaN
1.0,1.0,1.0,2,64165537302499,2017-11-03T15:24:17.245,-82,NaN
1.0,1.0,1.0,2,64165693094687,2017-11-03T15:24:17.400,-70,NaN
1.0,1.0,1.0,2,64165847431822,2017-11-03T15:24:17.555,-67,NaN
1.0,1.0,1.0,2,64166186830936,2017-11-03T15:24:17.894,-82,NaN
1.0,1.0,1.0,2,64166865642447,2017-11-03T15:24:18.573,NaN,-96
1.0,1.0,1.0,2,64166910610936,2017-11-03T15:24:18.618,NaN,-97
1.0,1.0,1.0,2,64167186134634,2017-11-03T15:24:18.894,-90,NaN
1.0,1.0,1.0,2,64167697078644,2017-11-03T15:24:19.405,-70,NaN
1.0,1.0,1.0,2,64168017517446,2017-11-03T15:24:19.725,-70,NaN
1.0,1.0,1.0,2,64169002750987,2017-11-03T15:24:20.710,-82,NaN
1.0,1.0,1.0,2,64169173491925,2017-11-03T15:24:20.881,-70,NaN
1.0,1.0,1.0,2,64169304666144,2017-11-03T15:24:21.012,NaN,-93
1.0,1.0,1.0,2,64169659791508,2017-11-03T15:24:21.367,-68,NaN
1.0,1.0,1.0,2,64169823267341,2017-11-03T15:24:21.531,-80,NaN
1.0,1.0,1.0,2,64170473210778,2017-11-03T15:24:22.180,-68,NaN
1.0,1.0,1.0,2,64170559830049,2017-11-03T15:24:22.267,NaN,-95
1.0,1.0,1.0,2,64170805848435,2017-11-03T15:24:22.513,-90,NaN
1.0,1.0,1.0,2,64170963142862,2017-11-03T15:24:22.670,-70,NaN
1.0,1.0,1.0,2,64171628766038,2017-11-03T15:24:23.336,-87,NaN
1.0,1.0,1.0,2,64171814342236,2017-11-03T15:24:23.522,-70,NaN
1.0,1.0,1.0,2,64172130743330,2017-11-03T15:24:23.838,-82,NaN
1.0,1.0,1.0,2,64172631611819,2017-11-03T15:24:24.339,-82,NaN
1.0,1.0,1.0,2,64172808865830,2017-11-03T15:24:24.516,-70,NaN
1.0,1.0,1.0,2,64173445022600,2017-11-03T15:24:25.153,-68,NaN
1.0,1.0,1.0,2,64173782594736,2017-11-03T15:24:25.490,-68,NaN
1.0,1.0,1.0,2,64174103849944,2017-11-03T15:24:25.811,-68,NaN
1.0,1.0,1.0,2,64174282379892,2017-11-03T15:24:25.990,-88,NaN
1.0,1.0,1.0,2,64174443089579,2017-11-03T15:24:26.150,-68,NaN
1.0,1.0,1.0,2,64174943615412,2017-11-03T15:24:26.651,-68,NaN
1.0,1.0,1.0,2,64175284048641,2017-11-03T15:24:26.992,-87,NaN
1.0,1.0,1.0,2,64175600823224,2017-11-03T15:24:27.308,-84,NaN
1.0,1.0,1.0,2,64175769546245,2017-11-03T15:24:27.477,-70,NaN
1.0,1.0,1.0,2,64176763769995,2017-11-03T15:24:28.471,-70,NaN
1.0,1.0,1.0,2,64177448901505,2017-11-03T15:24:29.156,-68,NaN
1.0,1.0,1.0,2,64177761919942,2017-11-03T15:24:29.469,-70,NaN
1.0,1.0,1.0,2,64178257364213,2017-11-03T15:24:29.965,-68,NaN
1.0,1.0,1.0,2,64178577187702,2017-11-03T15:24:30.285,-68,NaN
1.0,1.0,1.0,2,64178903436452,2017-11-03T15:24:30.611,-68,NaN
1.0,1.0,1.0,2,64179576823535,2017-11-03T15:24:31.284,-67,NaN
1.0,1.0,1.0,2,64179885242858,2017-11-03T15:24:31.593,-67,NaN
1.0,1.0,1.0,2,64180069659889,2017-11-03T15:24:31.777,-76,NaN
1.0,1.0,1.0,2,64180223510046,2017-11-03T15:24:31.931,-67,NaN
1.0,1.0,1.0,2,64181197335826,2017-11-03T15:24:32.905,-67,NaN
1.0,1.0,1.0,2,64181685206399,2017-11-03T15:24:33.393,-67,NaN
1.0,1.0,1.0,2,64182368593170,2017-11-03T15:24:34.076,-83,NaN
1.0,1.0,1.0,2,64182502184524,2017-11-03T15:24:34.210,-68,NaN
1.0,1.0,1.0,2,64182681768378,2017-11-03T15:24:34.389,-82,NaN
1.0,1.0,1.0,2,64183161253586,2017-11-03T15:24:34.868,-69,NaN
1.0,1.0,1.0,2,64183320463378,2017-11-03T15:24:35.028,-82,NaN
1.0,1.0,1.0,2,64183495387128,2017-11-03T15:24:35.203,-70,NaN
1.0,1.0,1.0,2,64183657594732,2017-11-03T15:24:35.365,-82,NaN
1.0,1.0,1.0,2,64183838414367,2017-11-03T15:24:35.546,-70,NaN
1.0,1.0,1.0,2,64184150896450,2017-11-03T15:24:35.858,-82,NaN
1.0,1.0,1.0,2,64184309453950,2017-11-03T15:24:36.017,-70,NaN
1.0,1.0,1.0,2,64184806736190,2017-11-03T15:24:36.514,-68,NaN
1.0,1.0,1.0,2,64185140869940,2017-11-03T15:24:36.848,-68,NaN
1.0,1.0,1.0,2,64185458668585,2017-11-03T15:24:37.166,-68,NaN
1.0,1.0,1.0,2,64185810224991,2017-11-03T15:24:37.517,-68,NaN
1.0,1.0,1.0,2,64186121628898,2017-11-03T15:24:37.829,-68,NaN
1.0,1.0,1.0,2,64186299881033,2017-11-03T15:24:38.007,-87,NaN
Coor X,Coor Y,Floor,Ref Label,CURRENT TIME NANOSECONDS,CURRENT TIME STRING,24:0A:C4:00:98:A0(ESP-BLE-HELLO)
1.0,1.0,1.0,3,64222109302113,2017-11-03T15:25:13.817,-68
1.0,1.0,1.0,3,64222387137217,2017-11-03T15:25:14.095,-78
1.0,1.0,1.0,3,64225672278362,2017-11-03T15:25:17.380,-77
1.0,1.0,1.0,3,64226993130288,2017-11-03T15:25:18.701,-76
1.0,1.0,1.0,3,64227478795392,2017-11-03T15:25:19.186,-74
1.0,1.0,1.0,3,64227987640548,2017-11-03T15:25:19.695,-75
1.0,1.0,1.0,3,64228626040444,2017-11-03T15:25:20.334,-75
1.0,1.0,1.0,3,64228795303829,2017-11-03T15:25:20.503,-77
1.0,1.0,1.0,3,64230282164089,2017-11-03T15:25:21.989,-75
1.0,1.0,1.0,3,64230449206068,2017-11-03T15:25:22.156,-77
1.0,1.0,1.0,3,64230977348099,2017-11-03T15:25:22.685,-76
1.0,1.0,1.0,3,64231452455755,2017-11-03T15:25:23.160,-78
1.0,1.0,1.0,3,64232112574661,2017-11-03T15:25:23.818,-78
1.0,1.0,1.0,3,64233420183984,2017-11-03T15:25:25.127,-77
1.0,1.0,1.0,3,64233746975754,2017-11-03T15:25:25.454,-76
1.0,1.0,1.0,3,64234744754869,2017-11-03T15:25:26.452,-78
1.0,1.0,1.0,3,64234889268879,2017-11-03T15:25:26.597,-77
1.0,1.0,1.0,3,64235049236796,2017-11-03T15:25:26.757,-78
1.0,1.0,1.0,3,64235700682420,2017-11-03T15:25:27.408,-77
1.0,1.0,1.0,3,64236036045024,2017-11-03T15:25:27.743,-76
1.0,1.0,1.0,3,64237528407315,2017-11-03T15:25:29.236,-77
1.0,1.0,1.0,3,64237688062732,2017-11-03T15:25:29.396,-76
1.0,1.0,1.0,3,64237851360701,2017-11-03T15:25:29.559,-78
1.0,1.0,1.0,3,64238348279294,2017-11-03T15:25:30.056,-79
1.0,1.0,1.0,3,64239169305648,2017-11-03T15:25:30.877,-75
1.0,1.0,1.0,3,64239863423981,2017-11-03T15:25:31.571,-78
1.0,1.0,1.0,3,64240007472783,2017-11-03T15:25:31.715,-75
1.0,1.0,1.0,3,64240326556585,2017-11-03T15:25:32.034,-77
1.0,1.0,1.0,3,64240991715699,2017-11-03T15:25:32.699,-77
1.0,1.0,1.0,3,64241177468460,2017-11-03T15:25:32.885,-75
1.0,1.0,1.0,3,64241321346220,2017-11-03T15:25:33.029,-78
1.0,1.0,1.0,3,64242653799605,2017-11-03T15:25:34.361,-77
1.0,1.0,1.0,3,64242810362157,2017-11-03T15:25:34.518,-74
1.0,1.0,1.0,3,64243312465230,2017-11-03T15:25:35.020,-76
1.0,1.0,1.0,3,64244143589032,2017-11-03T15:25:35.851,-77
1.0,1.0,1.0,3,64244475027365,2017-11-03T15:25:36.183,-76
1.0,1.0,1.0,3,64244972227729,2017-11-03T15:25:36.679,-75
1.0,1.0,1.0,3,64245318646167,2017-11-03T15:25:37.026,-76
1.0,1.0,1.0,3,64245631750229,2017-11-03T15:25:37.339,-76
1.0,1.0,1.0,3,64245831687364,2017-11-03T15:25:37.538,-77
1.0,1.0,1.0,3,64245959366531,2017-11-03T15:25:37.667,-76
1.0,1.0,1.0,3,64246118480020,2017-11-03T15:25:37.826,-77
1.0,1.0,1.0,3,64246954658093,2017-11-03T15:25:38.662,-78
1.0,1.0,1.0,3,64247784911218,2017-11-03T15:25:39.492,-75
1.0,1.0,1.0,3,64247945127624,2017-11-03T15:25:39.652,-78
1.0,1.0,1.0,3,64248598138249,2017-11-03T15:25:40.306,-80
1.0,1.0,1.0,3,64248755395384,2017-11-03T15:25:40.463,-76
1.0,1.0,1.0,3,64248925660488,2017-11-03T15:25:40.633,-79
1.0,1.0,1.0,3,64249089862363,2017-11-03T15:25:40.797,-75
1.0,1.0,1.0,3,64249249135176,2017-11-03T15:25:40.957,-79
1.0,1.0,1.0,3,64250739930019,2017-11-03T15:25:42.447,-77
1.0,1.0,1.0,3,64251545667675,2017-11-03T15:25:43.253,-78
1.0,1.0,1.0,3,64251726012206,2017-11-03T15:25:43.433,-76
1.0,1.0,1.0,3,64253703887934,2017-11-03T15:25:45.411,-76
1.0,1.0,1.0,3,64254201598142,2017-11-03T15:25:45.909,-77
1.0,1.0,1.0,3,64254722310903,2017-11-03T15:25:46.430,-76
1.0,1.0,1.0,3,64254879410278,2017-11-03T15:25:46.587,-76
1.0,1.0,1.0,3,64255028767830,2017-11-03T15:25:46.736,-76
1.0,1.0,1.0,3,64255532845590,2017-11-03T15:25:47.240,-79
1.0,1.0,1.0,3,64256387474652,2017-11-03T15:25:48.092,-78
1.0,1.0,1.0,3,64257846646943,2017-11-03T15:25:49.554,-77
1.0,1.0,1.0,3,64258160541058,2017-11-03T15:25:49.868,-77
1.0,1.0,1.0,3,64258669676526,2017-11-03T15:25:50.377,-76
1.0,1.0,1.0,3,64260789314911,2017-11-03T15:25:52.497,-76
1.0,1.0,1.0,3,64260987466786,2017-11-03T15:25:52.695,-74
1.0,1.0,1.0,3,64261127147879,2017-11-03T15:25:52.835,-76
1.0,1.0,1.0,3,64261293598608,2017-11-03T15:25:53.001,-74
1.0,1.0,1.0,3,64261467002723,2017-11-03T15:25:53.175,-77
1.0,1.0,1.0,3,64262934901368,2017-11-03T15:25:54.642,-76
1.0,1.0,1.0,3,64263601131576,2017-11-03T15:25:55.309,-76
1.0,1.0,1.0,3,64264090667826,2017-11-03T15:25:55.798,-75
1.0,1.0,1.0,3,64264428698399,2017-11-03T15:25:56.136,-77
1.0,1.0,1.0,3,64264608352878,2017-11-03T15:25:56.316,-77
1.0,1.0,1.0,3,64264926225326,2017-11-03T15:25:56.634,-77
1.0,1.0,1.0,3,64265752682305,2017-11-03T15:25:57.460,-77
1.0,1.0,1.0,3,64266088052617,2017-11-03T15:25:57.795,-76
1.0,1.0,1.0,3,64266421908919,2017-11-03T15:25:58.129,-75
1.0,1.0,1.0,3,64266589348346,2017-11-03T15:25:58.297,-77
1.0,1.0,1.0,3,64266746822825,2017-11-03T15:25:58.454,-76
1.0,1.0,1.0,3,64267590312408,2017-11-03T15:25:59.297,-76
1.0,1.0,1.0,3,64267896017512,2017-11-03T15:25:59.603,-76
1.0,1.0,1.0,3,64268061226002,2017-11-03T15:25:59.768,-77
1.0,1.0,1.0,3,64268388833554,2017-11-03T15:26:00.096,-77
1.0,1.0,1.0,3,64268728004908,2017-11-03T15:26:00.435,-77
1.0,1.0,1.0,3,64268879827408,2017-11-03T15:26:00.587,-75
1.0,1.0,1.0,3,64269033866678,2017-11-03T15:26:00.741,-76
1.0,1.0,1.0,3,64270513930219,2017-11-03T15:26:02.221,-76
1.0,1.0,1.0,3,64270839248709,2017-11-03T15:26:02.547,-76
1.0,1.0,1.0,3,64271662904229,2017-11-03T15:26:03.370,-76
1.0,1.0,1.0,3,64271852604490,2017-11-03T15:26:03.560,-77
1.0,1.0,1.0,3,64272488975219,2017-11-03T15:26:04.196,-78
1.0,1.0,1.0,3,64273491114333,2017-11-03T15:26:05.199,-81
1.0,1.0,1.0,3,64275662532353,2017-11-03T15:26:07.370,-76
1.0,1.0,1.0,3,64276127545947,2017-11-03T15:26:07.835,-76
1.0,1.0,1.0,3,64276480538134,2017-11-03T15:26:08.188,-77
1.0,1.0,1.0,3,64277604828186,2017-11-03T15:26:09.312,-76
1.0,1.0,1.0,3,64277773447040,2017-11-03T15:26:09.481,-74
1.0,1.0,1.0,3,64278101777092,2017-11-03T15:26:09.809,-75
1.0,1.0,1.0,3,64278453003185,2017-11-03T15:26:10.160,-76
1.0,1.0,1.0,3,64279587103341,2017-11-03T15:26:11.294,-76
1.0,1.0,1.0,3,64279918400789,2017-11-03T15:26:11.626,-76
1.0,1.0,1.0,3,64280406182299,2017-11-03T15:26:12.114,-77
1.0,1.0,1.0,3,64280737320841,2017-11-03T15:26:12.445,-75
1.0,1.0,1.0,3,64281569602194,2017-11-03T15:26:13.277,-75
1.0,1.0,1.0,3,64281911228392,2017-11-03T15:26:13.617,-76
Coor X,Coor Y,Floor,Ref Label,CURRENT TIME NANOSECONDS,CURRENT TIME STRING,24:0A:C4:00:98:A0(ESP-BLE-HELLO),62:D6:24:45:33:02(null),59:FC:A8:C4:29:8F(null)
1.0,1.0,1.0,4,64311929791402,2017-11-03T15:26:43.637,-75,NaN,NaN
1.0,1.0,1.0,4,64312572308120,2017-11-03T15:26:44.280,-78,NaN,NaN
1.0,1.0,1.0,4,64312906046245,2017-11-03T15:26:44.613,-79,NaN,NaN
1.0,1.0,1.0,4,64313069673797,2017-11-03T15:26:44.777,-77,NaN,NaN
1.0,1.0,1.0,4,64313566724474,2017-11-03T15:26:45.274,-76,NaN,NaN
1.0,1.0,1.0,4,64313744880776,2017-11-03T15:26:45.452,-81,NaN,NaN
1.0,1.0,1.0,4,64314061816401,2017-11-03T15:26:45.769,-77,NaN,NaN
1.0,1.0,1.0,4,64314238947651,2017-11-03T15:26:45.946,-82,NaN,NaN
1.0,1.0,1.0,4,64314892967755,2017-11-03T15:26:46.600,-80,NaN,NaN
1.0,1.0,1.0,4,64315074143796,2017-11-03T15:26:46.781,-77,NaN,NaN
1.0,1.0,1.0,4,64315215525619,2017-11-03T15:26:46.923,-81,NaN,NaN
1.0,1.0,1.0,4,64315547156088,2017-11-03T15:26:47.254,-77,NaN,NaN
1.0,1.0,1.0,4,64315610442546,2017-11-03T15:26:47.318,NaN,-84,NaN
1.0,1.0,1.0,4,64316047846192,2017-11-03T15:26:47.755,-79,NaN,NaN
1.0,1.0,1.0,4,64317492695879,2017-11-03T15:26:49.200,NaN,-94,NaN
1.0,1.0,1.0,4,64317527426660,2017-11-03T15:26:49.235,-80,NaN,NaN
1.0,1.0,1.0,4,64317608337910,2017-11-03T15:26:49.316,NaN,NaN,-96
1.0,1.0,1.0,4,64317705217597,2017-11-03T15:26:49.413,-76,NaN,NaN
1.0,1.0,1.0,4,64318203784837,2017-11-03T15:26:49.911,-76,NaN,NaN
1.0,1.0,1.0,4,64318292985201,2017-11-03T15:26:50.000,NaN,-88,NaN
1.0,1.0,1.0,4,64318368756191,2017-11-03T15:26:50.076,-80,NaN,NaN
1.0,1.0,1.0,4,64318696967389,2017-11-03T15:26:50.404,-80,NaN,NaN
1.0,1.0,1.0,4,64320035490201,2017-11-03T15:26:51.743,-80,NaN,NaN
1.0,1.0,1.0,4,64320356325044,2017-11-03T15:26:52.064,-79,NaN,NaN
1.0,1.0,1.0,4,64321172801033,2017-11-03T15:26:52.880,-82,NaN,NaN
1.0,1.0,1.0,4,64321550471919,2017-11-03T15:26:53.258,NaN,-86,NaN
1.0,1.0,1.0,4,64321677006919,2017-11-03T15:26:53.384,-77,NaN,NaN
1.0,1.0,1.0,4,64321829352075,2017-11-03T15:26:53.537,-76,NaN,NaN
1.0,1.0,1.0,4,64322162949731,2017-11-03T15:26:53.870,-77,NaN,NaN
1.0,1.0,1.0,4,64323175399158,2017-11-03T15:26:54.883,-88,NaN,NaN
1.0,1.0,1.0,4,64323200076293,2017-11-03T15:26:54.908,NaN,-83,NaN
1.0,1.0,1.0,4,64323323180460,2017-11-03T15:26:55.031,-78,NaN,NaN
1.0,1.0,1.0,4,64323829231241,2017-11-03T15:26:55.537,-89,NaN,NaN
1.0,1.0,1.0,4,64323982944157,2017-11-03T15:26:55.690,-79,NaN,NaN
1.0,1.0,1.0,4,64324803356449,2017-11-03T15:26:56.511,-76,NaN,NaN
1.0,1.0,1.0,4,64324817253376,2017-11-03T15:26:56.525,NaN,-78,NaN
1.0,1.0,1.0,4,64325091422594,2017-11-03T15:26:56.799,NaN,-82,NaN
1.0,1.0,1.0,4,64325153444313,2017-11-03T15:26:56.861,-76,NaN,NaN
1.0,1.0,1.0,4,64325967162802,2017-11-03T15:26:57.674,-80,NaN,NaN
1.0,1.0,1.0,4,64326178902698,2017-11-03T15:26:57.886,NaN,-86,NaN
1.0,1.0,1.0,4,64326369585667,2017-11-03T15:26:58.077,NaN,NaN,-90
1.0,1.0,1.0,4,64326462935823,2017-11-03T15:26:58.170,-80,NaN,NaN
1.0,1.0,1.0,4,64326735453688,2017-11-03T15:26:58.443,NaN,NaN,-93
1.0,1.0,1.0,4,64326797127073,2017-11-03T15:26:58.504,-80,NaN,NaN
1.0,1.0,1.0,4,64327143906604,2017-11-03T15:26:58.851,-76,NaN,NaN
1.0,1.0,1.0,4,64327308383062,2017-11-03T15:26:59.016,-80,NaN,NaN
1.0,1.0,1.0,4,64327461963427,2017-11-03T15:26:59.169,NaN,NaN,-90
1.0,1.0,1.0,4,64328567035666,2017-11-03T15:27:00.274,NaN,NaN,-93
1.0,1.0,1.0,4,64328618297385,2017-11-03T15:27:00.326,-76,NaN,NaN
1.0,1.0,1.0,4,64329439038582,2017-11-03T15:27:01.146,-84,NaN,NaN
1.0,1.0,1.0,4,64329600367905,2017-11-03T15:27:01.308,-77,NaN,NaN
1.0,1.0,1.0,4,64329929988426,2017-11-03T15:27:01.637,-79,NaN,NaN
1.0,1.0,1.0,4,64331574213165,2017-11-03T15:27:03.282,-79,NaN,NaN
1.0,1.0,1.0,4,64332062228581,2017-11-03T15:27:03.769,-76,NaN,NaN
1.0,1.0,1.0,4,64333379243737,2017-11-03T15:27:05.087,-82,NaN,NaN
1.0,1.0,1.0,4,64334383172695,2017-11-03T15:27:06.090,-88,NaN,NaN
1.0,1.0,1.0,4,64334533321705,2017-11-03T15:27:06.241,-79,NaN,NaN
1.0,1.0,1.0,4,64334703783737,2017-11-03T15:27:06.411,-87,NaN,NaN
1.0,1.0,1.0,4,64334863592278,2017-11-03T15:27:06.571,-79,NaN,NaN
1.0,1.0,1.0,4,64335023389830,2017-11-03T15:27:06.731,-84,NaN,NaN
1.0,1.0,1.0,4,64336059932486,2017-11-03T15:27:07.767,NaN,NaN,-94
1.0,1.0,1.0,4,64336207713840,2017-11-03T15:27:07.915,-83,NaN,NaN
1.0,1.0,1.0,4,64336237610559,2017-11-03T15:27:07.945,NaN,NaN,-92
1.0,1.0,1.0,4,64336510673684,2017-11-03T15:27:08.218,-89,NaN,NaN
1.0,1.0,1.0,4,64336680794673,2017-11-03T15:27:08.388,-80,NaN,NaN
1.0,1.0,1.0,4,64336800856757,2017-11-03T15:27:08.508,NaN,NaN,-86
1.0,1.0,1.0,4,64336993313996,2017-11-03T15:27:08.701,NaN,NaN,-102
1.0,1.0,1.0,4,64337018833475,2017-11-03T15:27:08.726,-87,NaN,NaN
1.0,1.0,1.0,4,64337693243736,2017-11-03T15:27:09.401,-78,NaN,NaN
1.0,1.0,1.0,4,64338176382537,2017-11-03T15:27:09.884,-86,NaN,NaN
1.0,1.0,1.0,4,64338513022589,2017-11-03T15:27:10.220,-85,NaN,NaN
1.0,1.0,1.0,4,64338663522798,2017-11-03T15:27:10.371,-81,NaN,NaN
1.0,1.0,1.0,4,64338673404308,2017-11-03T15:27:10.381,NaN,-93,NaN
1.0,1.0,1.0,4,64338823146496,2017-11-03T15:27:10.530,-85,NaN,NaN
1.0,1.0,1.0,4,64339472864308,2017-11-03T15:27:11.180,-84,NaN,NaN
1.0,1.0,1.0,4,64339974524724,2017-11-03T15:27:11.682,-79,NaN,NaN
1.0,1.0,1.0,4,64340307989360,2017-11-03T15:27:12.014,-79,NaN,NaN
1.0,1.0,1.0,4,64340468699151,2017-11-03T15:27:12.176,-82,NaN,NaN
1.0,1.0,1.0,4,64340957598943,2017-11-03T15:27:12.665,-82,NaN,NaN
1.0,1.0,1.0,4,64341291672067,2017-11-03T15:27:12.999,-83,NaN,NaN
1.0,1.0,1.0,4,64341610478786,2017-11-03T15:27:13.318,-84,NaN,NaN
1.0,1.0,1.0,4,64341794524932,2017-11-03T15:27:13.502,-87,NaN,NaN
1.0,1.0,1.0,4,64341947649255,2017-11-03T15:27:13.655,-80,NaN,NaN
1.0,1.0,1.0,4,64343437892223,2017-11-03T15:27:15.145,-86,NaN,NaN
1.0,1.0,1.0,4,64343583065973,2017-11-03T15:27:15.290,NaN,NaN,-92
1.0,1.0,1.0,4,64343619798212,2017-11-03T15:27:15.327,-79,NaN,NaN
1.0,1.0,1.0,4,64344930729097,2017-11-03T15:27:16.638,-88,NaN,NaN
1.0,1.0,1.0,4,64345096670816,2017-11-03T15:27:16.804,-80,NaN,NaN
1.0,1.0,1.0,4,64345263079826,2017-11-03T15:27:16.971,-84,NaN,NaN
1.0,1.0,1.0,4,64345454922483,2017-11-03T15:27:17.162,-87,NaN,NaN
1.0,1.0,1.0,4,64345600550347,2017-11-03T15:27:17.308,-80,NaN,NaN
1.0,1.0,1.0,4,64345769185087,2017-11-03T15:27:17.477,-86,NaN,NaN
1.0,1.0,1.0,4,64346132262586,2017-11-03T15:27:17.840,NaN,NaN,-99
1.0,1.0,1.0,4,64346436727691,2017-11-03T15:27:18.144,-87,NaN,NaN
1.0,1.0,1.0,4,64346498605555,2017-11-03T15:27:18.206,NaN,NaN,-93
1.0,1.0,1.0,4,64346593239305,2017-11-03T15:27:18.301,-84,NaN,NaN
1.0,1.0,1.0,4,64346787011336,2017-11-03T15:27:18.495,-87,NaN,NaN
1.0,1.0,1.0,4,64346873619305,2017-11-03T15:27:18.581,NaN,NaN,-91
1.0,1.0,1.0,4,64347097583472,2017-11-03T15:27:18.805,-88,NaN,NaN
1.0,1.0,1.0,4,64347284970815,2017-11-03T15:27:18.992,-81,NaN,NaN
1.0,1.0,1.0,4,64348581959981,2017-11-03T15:27:20.289,-81,NaN,NaN
1.0,1.0,1.0,4,64348754441231,2017-11-03T15:27:20.462,-92,NaN,NaN
1.0,1.0,1.0,4,64349730995762,2017-11-03T15:27:21.438,-89,NaN,NaN
1.0,1.0,1.0,4,64350163555450,2017-11-03T15:27:21.871,NaN,NaN,-95
1.0,1.0,1.0,4,64350556670918,2017-11-03T15:27:22.264,-80,NaN,NaN
1.0,1.0,1.0,4,64351045147637,2017-11-03T15:27:22.753,-81,NaN,NaN
1.0,1.0,1.0,4,64351862892480,2017-11-03T15:27:23.570,-81,NaN,NaN
1.0,1.0,1.0,4,64352027948886,2017-11-03T15:27:23.735,-81,NaN,NaN
1.0,1.0,1.0,4,64352360135970,2017-11-03T15:27:24.067,-81,NaN,NaN
1.0,1.0,1.0,4,64352528720761,2017-11-03T15:27:24.236,NaN,NaN,-90
1.0,1.0,1.0,4,64352699639407,2017-11-03T15:27:24.407,-82,NaN,NaN
1.0,1.0,1.0,4,64352864962584,2017-11-03T15:27:24.572,-92,NaN,NaN
1.0,1.0,1.0,4,64353196407740,2017-11-03T15:27:24.903,-90,NaN,NaN
1.0,1.0,1.0,4,64353522622896,2017-11-03T15:27:25.230,-81,NaN,NaN
1.0,1.0,1.0,4,64354970746594,2017-11-03T15:27:26.678,NaN,-92,NaN
1.0,1.0,1.0,4,64355183927271,2017-11-03T15:27:26.891,-78,NaN,NaN
1.0,1.0,1.0,4,64355794506593,2017-11-03T15:27:27.502,NaN,-90,NaN
1.0,1.0,1.0,4,64355843826593,2017-11-03T15:27:27.551,-82,NaN,NaN
1.0,1.0,1.0,4,64356676118676,2017-11-03T15:27:28.384,-84,NaN,NaN
1.0,1.0,1.0,4,64357164745864,2017-11-03T15:27:28.872,-78,NaN,NaN
1.0,1.0,1.0,4,64357498002947,2017-11-03T15:27:29.205,-78,NaN,NaN
1.0,1.0,1.0,4,64358204535186,2017-11-03T15:27:29.912,NaN,NaN,-87
1.0,1.0,1.0,4,64358986309717,2017-11-03T15:27:30.694,-78,NaN,NaN
1.0,1.0,1.0,4,64359828404665,2017-11-03T15:27:31.536,-82,NaN,NaN
1.0,1.0,1.0,4,64360039679821,2017-11-03T15:27:31.747,NaN,NaN,-94
1.0,1.0,1.0,4,64360231374612,2017-11-03T15:27:31.939,NaN,NaN,-90
1.0,1.0,1.0,4,64360309024456,2017-11-03T15:27:32.016,-79,NaN,NaN
1.0,1.0,1.0,4,64360400805758,2017-11-03T15:27:32.108,NaN,NaN,-95
1.0,1.0,1.0,4,64360465513154,2017-11-03T15:27:32.173,-82,NaN,NaN
1.0,1.0,1.0,4,64360588884248,2017-11-03T15:27:32.296,NaN,NaN,-88
1.0,1.0,1.0,4,64360628916487,2017-11-03T15:27:32.336,-79,NaN,NaN
1.0,1.0,1.0,4,64361772183726,2017-11-03T15:27:33.479,-83,NaN,NaN
1.0,1.0,1.0,4,64361952983049,2017-11-03T15:27:33.660,-97,NaN,NaN
1.0,1.0,1.0,4,64362088480028,2017-11-03T15:27:33.796,-83,NaN,NaN
1.0,1.0,1.0,4,64363084034090,2017-11-03T15:27:34.792,-90,NaN,NaN
1.0,1.0,1.0,4,64363580746069,2017-11-03T15:27:35.288,-77,NaN,NaN
1.0,1.0,1.0,4,64363741247319,2017-11-03T15:27:35.448,-84,NaN,NaN
1.0,1.0,1.0,4,64363891973048,2017-11-03T15:27:35.599,NaN,NaN,-88
1.0,1.0,1.0,4,64364079419559,2017-11-03T15:27:35.787,-92,NaN,NaN
1.0,1.0,1.0,4,64364253116902,2017-11-03T15:27:35.960,NaN,NaN,-90
1.0,1.0,1.0,4,64364799297631,2017-11-03T15:27:36.507,NaN,NaN,-90
1.0,1.0,1.0,4,64364916296173,2017-11-03T15:27:36.624,-77,NaN,NaN
1.0,1.0,1.0,4,64364989386746,2017-11-03T15:27:36.697,NaN,NaN,-93
1.0,1.0,1.0,4,64365092261225,2017-11-03T15:27:36.800,-88,NaN,NaN
1.0,1.0,1.0,4,64365185672423,2017-11-03T15:27:36.893,NaN,NaN,-90
1.0,1.0,1.0,4,64365243223569,2017-11-03T15:27:36.951,-77,NaN,NaN
1.0,1.0,1.0,4,64365580233725,2017-11-03T15:27:37.288,-87,NaN,NaN
1.0,1.0,1.0,4,64365745182266,2017-11-03T15:27:37.452,-77,NaN,NaN
1.0,1.0,1.0,4,64366088173100,2017-11-03T15:27:37.795,NaN,NaN,-88
1.0,1.0,1.0,4,64366277512370,2017-11-03T15:27:37.985,NaN,NaN,-94
1.0,1.0,1.0,4,64366392834558,2017-11-03T15:27:38.100,-83,NaN,NaN
1.0,1.0,1.0,4,64366818848724,2017-11-03T15:27:38.526,NaN,NaN,-94
1.0,1.0,1.0,4,64366871483829,2017-11-03T15:27:38.579,-78,NaN,NaN
1.0,1.0,1.0,4,64367031347735,2017-11-03T15:27:38.739,-88,NaN,NaN
1.0,1.0,1.0,4,64367198297006,2017-11-03T15:27:38.906,-81,NaN,NaN
1.0,1.0,1.0,4,64367367028047,2017-11-03T15:27:39.074,NaN,NaN,-92
1.0,1.0,1.0,4,64367524485443,2017-11-03T15:27:39.232,-89,NaN,NaN
Coor X,Coor Y,Floor,Ref Label,CURRENT TIME NANOSECONDS,CURRENT TIME STRING,24:0A:C4:00:98:A0(ESP-BLE-HELLO),78:50:47:53:55:03(null),FF:CC:7C:E6:85:E5(MI Band 2)
1.0,1.0,1.0,5,64405622908397,2017-11-03T15:28:17.330,-84,NaN,NaN
1.0,1.0,1.0,5,64407097906730,2017-11-03T15:28:18.805,-76,NaN,NaN
1.0,1.0,1.0,5,64407260120792,2017-11-03T15:28:18.967,-86,NaN,NaN
1.0,1.0,1.0,5,64407428375219,2017-11-03T15:28:19.136,-83,NaN,NaN
1.0,1.0,1.0,5,64407923682094,2017-11-03T15:28:19.631,-74,NaN,NaN
1.0,1.0,1.0,5,64408256813292,2017-11-03T15:28:19.964,-82,NaN,NaN
1.0,1.0,1.0,5,64408604415636,2017-11-03T15:28:20.312,-82,NaN,NaN
1.0,1.0,1.0,5,64409272575167,2017-11-03T15:28:20.980,-75,NaN,NaN
1.0,1.0,1.0,5,64409291377979,2017-11-03T15:28:20.999,NaN,-92,NaN
1.0,1.0,1.0,5,64409418195479,2017-11-03T15:28:21.126,-84,NaN,NaN
1.0,1.0,1.0,5,64409577656677,2017-11-03T15:28:21.285,-80,NaN,NaN
1.0,1.0,1.0,5,64409745634854,2017-11-03T15:28:21.453,-75,NaN,NaN
1.0,1.0,1.0,5,64409924645166,2017-11-03T15:28:21.632,-76,NaN,NaN
1.0,1.0,1.0,5,64410069109750,2017-11-03T15:28:21.777,-84,NaN,NaN
1.0,1.0,1.0,5,64411172623707,2017-11-03T15:28:22.880,-75,NaN,NaN
1.0,1.0,1.0,5,64411178196416,2017-11-03T15:28:22.886,NaN,-92,NaN
1.0,1.0,1.0,5,64411396941520,2017-11-03T15:28:23.104,-82,NaN,NaN
1.0,1.0,1.0,5,64411562085478,2017-11-03T15:28:23.269,-76,NaN,NaN
1.0,1.0,1.0,5,64411721431468,2017-11-03T15:28:23.429,-76,NaN,NaN
1.0,1.0,1.0,5,64412231454228,2017-11-03T15:28:23.939,-79,NaN,NaN
1.0,1.0,1.0,5,64412553516103,2017-11-03T15:28:24.261,-80,NaN,NaN
1.0,1.0,1.0,5,64412705241884,2017-11-03T15:28:24.413,-81,NaN,NaN
1.0,1.0,1.0,5,64412864420269,2017-11-03T15:28:24.572,-80,NaN,NaN
1.0,1.0,1.0,5,64414011778029,2017-11-03T15:28:25.719,-82,NaN,NaN
1.0,1.0,1.0,5,64414348188185,2017-11-03T15:28:26.055,-89,NaN,NaN
1.0,1.0,1.0,5,64415665128914,2017-11-03T15:28:27.372,-82,NaN,NaN
1.0,1.0,1.0,5,64416163425164,2017-11-03T15:28:27.871,-80,NaN,NaN
1.0,1.0,1.0,5,64416311767195,2017-11-03T15:28:28.019,-94,NaN,NaN
1.0,1.0,1.0,5,64416804628653,2017-11-03T15:28:28.512,-82,NaN,NaN
1.0,1.0,1.0,5,64417133996153,2017-11-03T15:28:28.841,-89,NaN,NaN
1.0,1.0,1.0,5,64417301953028,2017-11-03T15:28:29.009,-79,NaN,NaN
1.0,1.0,1.0,5,64418120442767,2017-11-03T15:28:29.828,-83,NaN,NaN
1.0,1.0,1.0,5,64418608443705,2017-11-03T15:28:30.316,-93,NaN,NaN
1.0,1.0,1.0,5,64418980956309,2017-11-03T15:28:30.688,-81,NaN,NaN
1.0,1.0,1.0,5,64419930604902,2017-11-03T15:28:31.638,-86,NaN,NaN
1.0,1.0,1.0,5,64420591993912,2017-11-03T15:28:32.299,-87,NaN,NaN
1.0,1.0,1.0,5,64421913317297,2017-11-03T15:28:33.621,-83,NaN,NaN
1.0,1.0,1.0,5,64422098178755,2017-11-03T15:28:33.805,-84,NaN,NaN
1.0,1.0,1.0,5,64422745111620,2017-11-03T15:28:34.452,-82,NaN,NaN
1.0,1.0,1.0,5,64422901192818,2017-11-03T15:28:34.609,-85,NaN,NaN
1.0,1.0,1.0,5,64423089920318,2017-11-03T15:28:34.797,-84,NaN,NaN
1.0,1.0,1.0,5,64423235442609,2017-11-03T15:28:34.943,-85,NaN,NaN
1.0,1.0,1.0,5,64423272126463,2017-11-03T15:28:34.980,NaN,NaN,-97
1.0,1.0,1.0,5,64423399709588,2017-11-03T15:28:35.107,-88,NaN,NaN
1.0,1.0,1.0,5,64423568474380,2017-11-03T15:28:35.276,-86,NaN,NaN
1.0,1.0,1.0,5,64424556222140,2017-11-03T15:28:36.264,NaN,NaN,-98
1.0,1.0,1.0,5,64425214047088,2017-11-03T15:28:36.922,-89,NaN,NaN
1.0,1.0,1.0,5,64426222690993,2017-11-03T15:28:37.930,-90,NaN,NaN
1.0,1.0,1.0,5,64427023004951,2017-11-03T15:28:38.730,-92,NaN,NaN
1.0,1.0,1.0,5,64427167427399,2017-11-03T15:28:38.875,-89,NaN,NaN
1.0,1.0,1.0,5,64427384427816,2017-11-03T15:28:39.091,-86,NaN,NaN
1.0,1.0,1.0,5,64427499944691,2017-11-03T15:28:39.207,-88,NaN,NaN
1.0,1.0,1.0,5,64427654793024,2017-11-03T15:28:39.362,-87,NaN,NaN
1.0,1.0,1.0,5,64428143982711,2017-11-03T15:28:39.851,-84,NaN,NaN
1.0,1.0,1.0,5,64428333202868,2017-11-03T15:28:40.040,-82,NaN,NaN
1.0,1.0,1.0,5,64428649431774,2017-11-03T15:28:40.357,-81,NaN,NaN
1.0,1.0,1.0,5,64429452553857,2017-11-03T15:28:41.160,-81,NaN,NaN
1.0,1.0,1.0,5,64429796446565,2017-11-03T15:28:41.504,-82,NaN,NaN
1.0,1.0,1.0,5,64430288621929,2017-11-03T15:28:41.996,-80,NaN,NaN
1.0,1.0,1.0,5,64430460973961,2017-11-03T15:28:42.168,-82,NaN,NaN
1.0,1.0,1.0,5,64430946118544,2017-11-03T15:28:42.654,-81,NaN,NaN
1.0,1.0,1.0,5,64431278302606,2017-11-03T15:28:42.986,-79,NaN,NaN
1.0,1.0,1.0,5,64432108249481,2017-11-03T15:28:43.816,-80,NaN,NaN
1.0,1.0,1.0,5,64432284459949,2017-11-03T15:28:43.992,-86,NaN,NaN
1.0,1.0,1.0,5,64432931960418,2017-11-03T15:28:44.639,-80,NaN,NaN
1.0,1.0,1.0,5,64433094760835,2017-11-03T15:28:44.802,-83,NaN,NaN
1.0,1.0,1.0,5,64433264046199,2017-11-03T15:28:44.971,-81,NaN,NaN
1.0,1.0,1.0,5,64433421105834,2017-11-03T15:28:45.129,-82,NaN,NaN
1.0,1.0,1.0,5,64433773598907,2017-11-03T15:28:45.481,-82,NaN,NaN
1.0,1.0,1.0,5,64434424444219,2017-11-03T15:28:46.132,-86,NaN,NaN
1.0,1.0,1.0,5,64434580706615,2017-11-03T15:28:46.288,-84,NaN,NaN
1.0,1.0,1.0,5,64434742169167,2017-11-03T15:28:46.449,-84,NaN,NaN
1.0,1.0,1.0,5,64434911362553,2017-11-03T15:28:46.619,-85,NaN,NaN
1.0,1.0,1.0,5,64435068824323,2017-11-03T15:28:46.776,-84,NaN,NaN
1.0,1.0,1.0,5,64435729832761,2017-11-03T15:28:47.437,-82,NaN,NaN
1.0,1.0,1.0,5,64437218965416,2017-11-03T15:28:48.926,-85,NaN,NaN
1.0,1.0,1.0,5,64438036162395,2017-11-03T15:28:49.743,-80,NaN,NaN
1.0,1.0,1.0,5,64438537446614,2017-11-03T15:28:50.245,-86,NaN,NaN
1.0,1.0,1.0,5,64438705617968,2017-11-03T15:28:50.413,-81,NaN,NaN
1.0,1.0,1.0,5,64438893039218,2017-11-03T15:28:50.600,-87,NaN,NaN
1.0,1.0,1.0,5,64439699026926,2017-11-03T15:28:51.407,-83,NaN,NaN
1.0,1.0,1.0,5,64439860976092,2017-11-03T15:28:51.568,-84,NaN,NaN
1.0,1.0,1.0,5,64440043197342,2017-11-03T15:28:51.750,-82,NaN,NaN
1.0,1.0,1.0,5,64440350618123,2017-11-03T15:28:52.057,-81,NaN,NaN
1.0,1.0,1.0,5,64440695017550,2017-11-03T15:28:52.402,-84,NaN,NaN
1.0,1.0,1.0,5,64441514549477,2017-11-03T15:28:53.222,-87,NaN,NaN
1.0,1.0,1.0,5,64441682164269,2017-11-03T15:28:53.389,-86,NaN,NaN
1.0,1.0,1.0,5,64441848259685,2017-11-03T15:28:53.555,-85,NaN,NaN
1.0,1.0,1.0,5,64442010782758,2017-11-03T15:28:53.718,-87,NaN,NaN
1.0,1.0,1.0,5,64442509913539,2017-11-03T15:28:54.217,-81,NaN,NaN
1.0,1.0,1.0,5,64442842057602,2017-11-03T15:28:54.550,-84,NaN,NaN
1.0,1.0,1.0,5,64443650945831,2017-11-03T15:28:55.358,-82,NaN,NaN
1.0,1.0,1.0,5,64444646013226,2017-11-03T15:28:56.353,-82,NaN,NaN
1.0,1.0,1.0,5,64444814808226,2017-11-03T15:28:56.522,-86,NaN,NaN
1.0,1.0,1.0,5,64445144167757,2017-11-03T15:28:56.850,-87,NaN,NaN
1.0,1.0,1.0,5,64445806103226,2017-11-03T15:28:57.513,-87,NaN,NaN
1.0,1.0,1.0,5,64445987232184,2017-11-03T15:28:57.694,-84,NaN,NaN
1.0,1.0,1.0,5,64446144957080,2017-11-03T15:28:57.852,-85,NaN,NaN
1.0,1.0,1.0,5,64448673726454,2017-11-03T15:29:00.381,-80,NaN,NaN
1.0,1.0,1.0,5,64448811534787,2017-11-03T15:29:00.519,-81,NaN,NaN
1.0,1.0,1.0,5,64449148473068,2017-11-03T15:29:00.856,-80,NaN,NaN
1.0,1.0,1.0,5,64449299581558,2017-11-03T15:29:01.007,-82,NaN,NaN
1.0,1.0,1.0,5,64449455473797,2017-11-03T15:29:01.163,-80,NaN,NaN
1.0,1.0,1.0,5,64449958019943,2017-11-03T15:29:01.666,-80,NaN,NaN
1.0,1.0,1.0,5,64450956552390,2017-11-03T15:29:02.664,-83,NaN,NaN
1.0,1.0,1.0,5,64451098806609,2017-11-03T15:29:02.806,-83,NaN,NaN
1.0,1.0,1.0,5,64452106991036,2017-11-03T15:29:03.814,-84,NaN,NaN
1.0,1.0,1.0,5,64452265375463,2017-11-03T15:29:03.973,-80,NaN,NaN
1.0,1.0,1.0,5,64453110679264,2017-11-03T15:29:04.818,-83,NaN,NaN
1.0,1.0,1.0,5,64453257638483,2017-11-03T15:29:04.965,-80,NaN,NaN
1.0,1.0,1.0,5,64453584337233,2017-11-03T15:29:05.292,-80,NaN,NaN
1.0,1.0,1.0,5,64454433399941,2017-11-03T15:29:06.141,-82,NaN,NaN
1.0,1.0,1.0,5,64454931203118,2017-11-03T15:29:06.638,-81,NaN,NaN
1.0,1.0,1.0,5,64455752376555,2017-11-03T15:29:07.460,-84,NaN,NaN
1.0,1.0,1.0,5,64456414119159,2017-11-03T15:29:08.121,-80,NaN,NaN
1.0,1.0,1.0,5,64457402097492,2017-11-03T15:29:09.110,-84,NaN,NaN
1.0,1.0,1.0,5,64458702597231,2017-11-03T15:29:10.410,-80,NaN,NaN
1.0,1.0,1.0,5,64458871683481,2017-11-03T15:29:10.579,-81,NaN,NaN
1.0,1.0,1.0,5,64459024093325,2017-11-03T15:29:10.732,-84,NaN,NaN
1.0,1.0,1.0,5,64459354062283,2017-11-03T15:29:11.061,-80,NaN,NaN
1.0,1.0,1.0,5,64460022542387,2017-11-03T15:29:11.730,-80,NaN,NaN
1.0,1.0,1.0,5,64460216287439,2017-11-03T15:29:11.923,-82,NaN,NaN
1.0,1.0,1.0,5,64460350571241,2017-11-03T15:29:12.058,-80,NaN,NaN
1.0,1.0,1.0,5,64460836685876,2017-11-03T15:29:12.544,-79,NaN,NaN
1.0,1.0,1.0,5,64461014312491,2017-11-03T15:29:12.722,-80,NaN,NaN
1.0,1.0,1.0,5,64461347349261,2017-11-03T15:29:13.055,-79,NaN,NaN
1.0,1.0,1.0,5,64461671109782,2017-11-03T15:29:13.378,-80,NaN,NaN
1.0,1.0,1.0,5,64462161246917,2017-11-03T15:29:13.869,-79,NaN,NaN
1.0,1.0,1.0,5,64462491439365,2017-11-03T15:29:14.199,-79,NaN,NaN
Coor X,Coor Y,Floor,Ref Label,CURRENT TIME NANOSECONDS,CURRENT TIME STRING,24:0A:C4:00:98:A0(ESP-BLE-HELLO)
1.0,1.0,1.0,6,64482142265139,2017-11-03T15:29:33.850,-80
1.0,1.0,1.0,6,64484625181284,2017-11-03T15:29:36.332,-79
1.0,1.0,1.0,6,64485930950189,2017-11-03T15:29:37.638,-78
1.0,1.0,1.0,6,64486263798887,2017-11-03T15:29:37.971,-79
1.0,1.0,1.0,6,64486588282637,2017-11-03T15:29:38.296,-79
1.0,1.0,1.0,6,64486925530866,2017-11-03T15:29:38.633,-79
1.0,1.0,1.0,6,64487247771908,2017-11-03T15:29:38.955,-78
1.0,1.0,1.0,6,64487574772064,2017-11-03T15:29:39.282,-78
1.0,1.0,1.0,6,64487942152689,2017-11-03T15:29:39.650,-78
1.0,1.0,1.0,6,64488245303053,2017-11-03T15:29:39.953,-78
1.0,1.0,1.0,6,64488575653261,2017-11-03T15:29:40.283,-78
1.0,1.0,1.0,6,64489241291021,2017-11-03T15:29:40.949,-82
1.0,1.0,1.0,6,64489392219980,2017-11-03T15:29:41.100,-78
1.0,1.0,1.0,6,64490377003469,2017-11-03T15:29:42.084,-79
1.0,1.0,1.0,6,64491059046542,2017-11-03T15:29:42.767,-79
1.0,1.0,1.0,6,64491221108989,2017-11-03T15:29:42.929,-79
1.0,1.0,1.0,6,64491367601385,2017-11-03T15:29:43.075,-78
1.0,1.0,1.0,6,64491542705760,2017-11-03T15:29:43.250,-79
1.0,1.0,1.0,6,64491696835291,2017-11-03T15:29:43.404,-80
1.0,1.0,1.0,6,64492013199458,2017-11-03T15:29:43.721,-79
1.0,1.0,1.0,6,64492356597687,2017-11-03T15:29:44.064,-79
1.0,1.0,1.0,6,64492683007791,2017-11-03T15:29:44.391,-83
1.0,1.0,1.0,6,64492878292270,2017-11-03T15:29:44.586,-79
1.0,1.0,1.0,6,64493356286176,2017-11-03T15:29:45.064,-81
1.0,1.0,1.0,6,64494019259770,2017-11-03T15:29:45.727,-78
1.0,1.0,1.0,6,64494179056957,2017-11-03T15:29:45.887,-82
1.0,1.0,1.0,6,64494350856592,2017-11-03T15:29:46.058,-84
1.0,1.0,1.0,6,64494852584196,2017-11-03T15:29:46.560,-78
1.0,1.0,1.0,6,64495169066384,2017-11-03T15:29:46.877,-78
1.0,1.0,1.0,6,64495677566540,2017-11-03T15:29:47.385,-78
1.0,1.0,1.0,6,64496322724248,2017-11-03T15:29:48.030,-86
1.0,1.0,1.0,6,64496482692112,2017-11-03T15:29:48.190,-78
1.0,1.0,1.0,6,64497149599821,2017-11-03T15:29:48.857,-86
1.0,1.0,1.0,6,64497320510289,2017-11-03T15:29:49.028,-78
1.0,1.0,1.0,6,64497482530914,2017-11-03T15:29:49.190,-86
1.0,1.0,1.0,6,64497639252164,2017-11-03T15:29:49.346,-78
1.0,1.0,1.0,6,64497972164091,2017-11-03T15:29:49.679,-82
1.0,1.0,1.0,6,64498135136695,2017-11-03T15:29:49.843,-83
1.0,1.0,1.0,6,64498325931643,2017-11-03T15:29:50.033,-83
1.0,1.0,1.0,6,64498480431591,2017-11-03T15:29:50.188,-78
1.0,1.0,1.0,6,64498631974872,2017-11-03T15:29:50.339,-83
1.0,1.0,1.0,6,64498959873778,2017-11-03T15:29:50.667,-82
1.0,1.0,1.0,6,64499628250757,2017-11-03T15:29:51.336,-78
1.0,1.0,1.0,6,64500788501798,2017-11-03T15:29:52.496,-81
1.0,1.0,1.0,6,64500948690548,2017-11-03T15:29:52.656,-79
1.0,1.0,1.0,6,64501114022111,2017-11-03T15:29:52.821,-79
1.0,1.0,1.0,6,64501274815913,2017-11-03T15:29:52.982,-78
1.0,1.0,1.0,6,64501443509506,2017-11-03T15:29:53.151,-80
1.0,1.0,1.0,6,64501940642683,2017-11-03T15:29:53.648,-81
1.0,1.0,1.0,6,64502280997683,2017-11-03T15:29:53.988,-80
1.0,1.0,1.0,6,64502588766225,2017-11-03T15:29:54.296,-80
1.0,1.0,1.0,6,64503093537943,2017-11-03T15:29:54.800,-80
1.0,1.0,1.0,6,64503422879037,2017-11-03T15:29:55.130,-80
1.0,1.0,1.0,6,64503754285912,2017-11-03T15:29:55.461,-82
1.0,1.0,1.0,6,64504223432734,2017-11-03T15:29:55.931,-78
1.0,1.0,1.0,6,64505046849349,2017-11-03T15:29:56.754,-78
1.0,1.0,1.0,6,64505226599870,2017-11-03T15:29:56.934,-85
1.0,1.0,1.0,6,64505566377213,2017-11-03T15:29:57.274,-85
1.0,1.0,1.0,6,64505717347057,2017-11-03T15:29:57.425,-82
1.0,1.0,1.0,6,64506198323671,2017-11-03T15:29:57.906,-78
1.0,1.0,1.0,6,64506858708358,2017-11-03T15:29:58.566,-85
1.0,1.0,1.0,6,64507025899244,2017-11-03T15:29:58.733,-78
1.0,1.0,1.0,6,64507204302421,2017-11-03T15:29:58.912,-84
1.0,1.0,1.0,6,64507352872577,2017-11-03T15:29:59.060,-77
1.0,1.0,1.0,6,64507848948098,2017-11-03T15:29:59.556,-77
1.0,1.0,1.0,6,64508011218931,2017-11-03T15:29:59.718,-82
1.0,1.0,1.0,6,64508171442941,2017-11-03T15:29:59.879,-81
1.0,1.0,1.0,6,64508845125024,2017-11-03T15:30:00.553,-78
1.0,1.0,1.0,6,64509474549035,2017-11-03T15:30:01.182,-81
1.0,1.0,1.0,6,64509651440910,2017-11-03T15:30:01.358,-79
1.0,1.0,1.0,6,64509816795284,2017-11-03T15:30:01.524,-81
1.0,1.0,1.0,6,64509964101899,2017-11-03T15:30:01.672,-83
1.0,1.0,1.0,6,64510811597159,2017-11-03T15:30:02.519,-78
1.0,1.0,1.0,6,64511139415232,2017-11-03T15:30:02.847,-78
1.0,1.0,1.0,6,64511480733357,2017-11-03T15:30:03.188,-81
1.0,1.0,1.0,6,64512301308981,2017-11-03T15:30:04.009,-78
1.0,1.0,1.0,6,64512627801585,2017-11-03T15:30:04.335,-82
1.0,1.0,1.0,6,64513796201741,2017-11-03T15:30:05.504,-84
1.0,1.0,1.0,6,64514438284606,2017-11-03T15:30:06.146,-85
1.0,1.0,1.0,6,64514589090699,2017-11-03T15:30:06.297,-78
1.0,1.0,1.0,6,64514930598772,2017-11-03T15:30:06.638,-78
1.0,1.0,1.0,6,64515437832522,2017-11-03T15:30:07.145,-79
1.0,1.0,1.0,6,64515765294293,2017-11-03T15:30:07.473,-86
1.0,1.0,1.0,6,64515915212209,2017-11-03T15:30:07.623,-78
1.0,1.0,1.0,6,64516746001011,2017-11-03T15:30:08.453,-78
1.0,1.0,1.0,6,64517084555230,2017-11-03T15:30:08.792,-79
1.0,1.0,1.0,6,64517414969084,2017-11-03T15:30:09.122,-78
1.0,1.0,1.0,6,64517584022834,2017-11-03T15:30:09.291,-87
1.0,1.0,1.0,6,64517733124240,2017-11-03T15:30:09.441,-79
1.0,1.0,1.0,6,64518231454812,2017-11-03T15:30:09.939,-79
1.0,1.0,1.0,6,64518578149083,2017-11-03T15:30:10.286,-87
1.0,1.0,1.0,6,64518730554239,2017-11-03T15:30:10.438,-77
1.0,1.0,1.0,6,64520541897728,2017-11-03T15:30:12.249,-78
1.0,1.0,1.0,6,64521207441270,2017-11-03T15:30:12.915,-81
1.0,1.0,1.0,6,64521372334186,2017-11-03T15:30:13.080,-87
1.0,1.0,1.0,6,64521534441686,2017-11-03T15:30:13.242,-81
1.0,1.0,1.0,6,64521683024186,2017-11-03T15:30:13.391,-87
1.0,1.0,1.0,6,64521865220957,2017-11-03T15:30:13.573,-82
1.0,1.0,1.0,6,64522520977050,2017-11-03T15:30:14.228,-78
1.0,1.0,1.0,6,64523173638092,2017-11-03T15:30:14.881,-77
1.0,1.0,1.0,6,64523498036738,2017-11-03T15:30:15.206,-77
1.0,1.0,1.0,6,64523656653404,2017-11-03T15:30:15.364,-84
1.0,1.0,1.0,6,64523835748352,2017-11-03T15:30:15.543,-77
1.0,1.0,1.0,6,64523992970748,2017-11-03T15:30:15.700,-86
1.0,1.0,1.0,6,64524146389446,2017-11-03T15:30:15.854,-77
1.0,1.0,1.0,6,64524310473352,2017-11-03T15:30:16.018,-86
1.0,1.0,1.0,6,64524808638664,2017-11-03T15:30:16.515,-83
1.0,1.0,1.0,6,64525464819706,2017-11-03T15:30:17.172,-82
1.0,1.0,1.0,6,64525800331216,2017-11-03T15:30:17.508,-77
1.0,1.0,1.0,6,64525966895799,2017-11-03T15:30:17.674,-86
1.0,1.0,1.0,6,64526629244601,2017-11-03T15:30:18.336,-87
1.0,1.0,1.0,6,64527945030173,2017-11-03T15:30:19.652,-87
1.0,1.0,1.0,6,64528106319809,2017-11-03T15:30:19.814,-77
1.0,1.0,1.0,6,64528269291423,2017-11-03T15:30:19.977,-86
1.0,1.0,1.0,6,64528600533194,2017-11-03T15:30:20.308,-77
1.0,1.0,1.0,6,64528763637413,2017-11-03T15:30:20.471,-84
1.0,1.0,1.0,6,64528926471215,2017-11-03T15:30:20.634,-86
1.0,1.0,1.0,6,64529425936162,2017-11-03T15:30:21.133,-77
1.0,1.0,1.0,6,64530240628975,2017-11-03T15:30:21.948,-77
1.0,1.0,1.0,6,64530571514495,2017-11-03T15:30:22.278,-77
1.0,1.0,1.0,6,64530889755953,2017-11-03T15:30:22.597,-77
1.0,1.0,1.0,6,64531217739651,2017-11-03T15:30:22.925,-77
1.0,1.0,1.0,6,64531575165016,2017-11-03T15:30:23.283,-77
1.0,1.0,1.0,6,64532227741838,2017-11-03T15:30:23.935,-77
1.0,1.0,1.0,6,64533039712880,2017-11-03T15:30:24.747,-78
1.0,1.0,1.0,6,64533371694546,2017-11-03T15:30:25.079,-79
1.0,1.0,1.0,6,64534020677879,2017-11-03T15:30:25.728,-78
1.0,1.0,1.0,6,64534346967671,2017-11-03T15:30:26.054,-86
1.0,1.0,1.0,6,64535686474285,2017-11-03T15:30:27.394,-77
1.0,1.0,1.0,6,64536171577879,2017-11-03T15:30:27.879,-77
1.0,1.0,1.0,6,64536996539024,2017-11-03T15:30:28.704,-78
1.0,1.0,1.0,6,64537157379284,2017-11-03T15:30:28.865,-84
1.0,1.0,1.0,6,64537319917826,2017-11-03T15:30:29.027,-78
1.0,1.0,1.0,6,64538250372617,2017-11-03T15:30:29.958,-78
1.0,1.0,1.0,6,64538486542149,2017-11-03T15:30:30.194,-78
1.0,1.0,1.0,6,64538633645221,2017-11-03T15:30:30.341,-82
1.0,1.0,1.0,6,64539505950534,2017-11-03T15:30:31.213,-82
1.0,1.0,1.0,6,64539795200221,2017-11-03T15:30:31.502,-80
1.0,1.0,1.0,6,64540793694231,2017-11-03T15:30:32.501,-80
1.0,1.0,1.0,6,64541447868866,2017-11-03T15:30:33.155,-85
Coor X,Coor Y,Floor,Ref Label,CURRENT TIME NANOSECONDS,CURRENT TIME STRING,24:0A:C4:00:98:A0(ESP-BLE-HELLO)
1.0,1.0,1.0,7,64632016236019,2017-11-03T15:32:03.724,-80
1.0,1.0,1.0,7,64632176235394,2017-11-03T15:32:03.883,-82
1.0,1.0,1.0,7,64632507828623,2017-11-03T15:32:04.215,-82
1.0,1.0,1.0,7,64632684063519,2017-11-03T15:32:04.391,-87
1.0,1.0,1.0,7,64633679226696,2017-11-03T15:32:05.387,-81
1.0,1.0,1.0,7,64633998680237,2017-11-03T15:32:05.706,-82
1.0,1.0,1.0,7,64634490767060,2017-11-03T15:32:06.198,-79
1.0,1.0,1.0,7,64635162956174,2017-11-03T15:32:06.870,-79
1.0,1.0,1.0,7,64636989562944,2017-11-03T15:32:08.697,-81
1.0,1.0,1.0,7,64637141267788,2017-11-03T15:32:08.848,-81
1.0,1.0,1.0,7,64637631379038,2017-11-03T15:32:09.339,-80
1.0,1.0,1.0,7,64638801113777,2017-11-03T15:32:10.508,-79
1.0,1.0,1.0,7,64639302013673,2017-11-03T15:32:11.009,-81
1.0,1.0,1.0,7,64639616435756,2017-11-03T15:32:11.324,-80
1.0,1.0,1.0,7,64642067012682,2017-11-03T15:32:13.774,-100
1.0,1.0,1.0,7,64642232532161,2017-11-03T15:32:13.940,-79
1.0,1.0,1.0,7,64642423153723,2017-11-03T15:32:14.130,-82
1.0,1.0,1.0,7,64643366643202,2017-11-03T15:32:15.074,-80
1.0,1.0,1.0,7,64644856448150,2017-11-03T15:32:16.564,-100
1.0,1.0,1.0,7,64645683688462,2017-11-03T15:32:17.391,-84
1.0,1.0,1.0,7,64645849861847,2017-11-03T15:32:17.557,-92
1.0,1.0,1.0,7,64646520557264,2017-11-03T15:32:18.228,-83
1.0,1.0,1.0,7,64647009782003,2017-11-03T15:32:18.717,-88
1.0,1.0,1.0,7,64647524291378,2017-11-03T15:32:19.230,-78
1.0,1.0,1.0,7,64647855855492,2017-11-03T15:32:19.563,-79
1.0,1.0,1.0,7,64648360592575,2017-11-03T15:32:20.068,-79
1.0,1.0,1.0,7,64650355139658,2017-11-03T15:32:22.063,-82
1.0,1.0,1.0,7,64651014155595,2017-11-03T15:32:22.722,-80
1.0,1.0,1.0,7,64651345169189,2017-11-03T15:32:23.052,-89
1.0,1.0,1.0,7,64651507205543,2017-11-03T15:32:23.215,-79
1.0,1.0,1.0,7,64651843206689,2017-11-03T15:32:23.551,-92
1.0,1.0,1.0,7,64652002452209,2017-11-03T15:32:23.710,-79
1.0,1.0,1.0,7,64652326334293,2017-11-03T15:32:24.034,-97
1.0,1.0,1.0,7,64652676652522,2017-11-03T15:32:24.384,-83
1.0,1.0,1.0,7,64652983523251,2017-11-03T15:32:24.691,-79
1.0,1.0,1.0,7,64653168012782,2017-11-03T15:32:24.875,-82
1.0,1.0,1.0,7,64653819481480,2017-11-03T15:32:25.527,-78
1.0,1.0,1.0,7,64654819957469,2017-11-03T15:32:26.527,-78
1.0,1.0,1.0,7,64654984503250,2017-11-03T15:32:26.692,-78
1.0,1.0,1.0,7,64657463839551,2017-11-03T15:32:29.171,-91
1.0,1.0,1.0,7,64657792432363,2017-11-03T15:32:29.500,-90
1.0,1.0,1.0,7,64657955938665,2017-11-03T15:32:29.663,-79
1.0,1.0,1.0,7,64658301329394,2017-11-03T15:32:30.009,-80
1.0,1.0,1.0,7,64658636020176,2017-11-03T15:32:30.343,-92
1.0,1.0,1.0,7,64658791152415,2017-11-03T15:32:30.499,-80
1.0,1.0,1.0,7,64659117270540,2017-11-03T15:32:30.825,-82
1.0,1.0,1.0,7,64659783772519,2017-11-03T15:32:31.491,-80
1.0,1.0,1.0,7,64660131323144,2017-11-03T15:32:31.839,-79
1.0,1.0,1.0,7,64660943542935,2017-11-03T15:32:32.651,-91
1.0,1.0,1.0,7,64661599468508,2017-11-03T15:32:33.307,-80
1.0,1.0,1.0,7,64662583056528,2017-11-03T15:32:34.290,-92
1.0,1.0,1.0,7,64662931355226,2017-11-03T15:32:34.639,-90
1.0,1.0,1.0,7,64663081517101,2017-11-03T15:32:34.789,-78
1.0,1.0,1.0,7,64663427518507,2017-11-03T15:32:35.135,-78
1.0,1.0,1.0,7,64666904196318,2017-11-03T15:32:38.611,-82
1.0,1.0,1.0,7,64667206555954,2017-11-03T15:32:38.914,-81
1.0,1.0,1.0,7,64667532980381,2017-11-03T15:32:39.240,-77
1.0,1.0,1.0,7,64668033365485,2017-11-03T15:32:39.741,-76
1.0,1.0,1.0,7,64668198412776,2017-11-03T15:32:39.906,-81
1.0,1.0,1.0,7,64669497811942,2017-11-03T15:32:41.205,-78
1.0,1.0,1.0,7,64669994208921,2017-11-03T15:32:41.701,-81
1.0,1.0,1.0,7,64670344921213,2017-11-03T15:32:42.052,-81
1.0,1.0,1.0,7,64670810912723,2017-11-03T15:32:42.518,-85
1.0,1.0,1.0,7,64671488666160,2017-11-03T15:32:43.195,-89
1.0,1.0,1.0,7,64671993017723,2017-11-03T15:32:43.700,-82
1.0,1.0,1.0,7,64672320422983,2017-11-03T15:32:44.028,-82
1.0,1.0,1.0,7,64672810983660,2017-11-03T15:32:44.518,-86
1.0,1.0,1.0,7,64673486568035,2017-11-03T15:32:45.194,-83
1.0,1.0,1.0,7,64673976036784,2017-11-03T15:32:45.683,-81
1.0,1.0,1.0,7,64675136206107,2017-11-03T15:32:46.844,-81
1.0,1.0,1.0,7,64676275334075,2017-11-03T15:32:47.983,-81
1.0,1.0,1.0,7,64676774018190,2017-11-03T15:32:48.481,-79
1.0,1.0,1.0,7,64677269404335,2017-11-03T15:32:48.977,-82
1.0,1.0,1.0,7,64677429104804,2017-11-03T15:32:49.137,-87
1.0,1.0,1.0,7,64679572428553,2017-11-03T15:32:51.280,-80
1.0,1.0,1.0,7,64680063029282,2017-11-03T15:32:51.770,-79
1.0,1.0,1.0,7,64681721048813,2017-11-03T15:32:53.428,-81
1.0,1.0,1.0,7,64682894602770,2017-11-03T15:32:54.599,-84
1.0,1.0,1.0,7,64683387709697,2017-11-03T15:32:55.095,-82
1.0,1.0,1.0,7,64683703318604,2017-11-03T15:32:55.411,-82
1.0,1.0,1.0,7,64684031256260,2017-11-03T15:32:55.738,-80
1.0,1.0,1.0,7,64684521239541,2017-11-03T15:32:56.229,-82
1.0,1.0,1.0,7,64686515009957,2017-11-03T15:32:58.223,-80
